{
  "artifact": "oph_neutrino_weighted_cycle_shared_basis_representation",
  "basis_contract": {
    "labels": [
      "f1",
      "f2",
      "f3"
    ],
    "orientation_preserved": true
  },
  "basis_labels": [
    "f1",
    "f2",
    "f3"
  ],
  "charged_basis_matrix_imag": [
    [
      0.0,
      -0.0034409541855482603,
      -0.004341567374288044
    ],
    [
      -0.0034409541855482603,
      0.0,
      -0.005033930258857977
    ],
    [
      -0.004341567374288044,
      -0.005033930258857977,
      0.0
    ]
  ],
  "charged_basis_matrix_real": [
    [
      -0.004627694081134708,
      0.0023899845251189994,
      0.008473638500134547
    ],
    [
      0.0023899845251189994,
      -0.017733523041378037,
      0.01524485668490928
    ],
    [
      0.008473638500134547,
      0.01524485668490928,
      -0.010516883830923774
    ]
  ],
  "construction": {
    "physical_pmns_recovery": "U_PMNS = U_e_left^dagger U_nu_shared",
    "shared_basis_matrix": "M_shared = U_e_left^* M_wc U_e_left^dagger",
    "shared_basis_neutrino_unitary": "U_nu_shared = U_e_left U_wc"
  },
  "depends_on": [
    "oph_neutrino_weighted_cycle_repair",
    "oph_shared_charged_lepton_left_basis"
  ],
  "emitted_parameters": {
    "alpha21_deg": 153.61851777943562,
    "alpha21_deg_0_to_360": 153.61851777943562,
    "alpha21_rad": 2.6811489272845996,
    "alpha21_rad_0_to_2pi": 2.6811489272845996,
    "alpha31_deg": -102.99675917792007,
    "alpha31_deg_0_to_360": 257.00324082207993,
    "alpha31_rad": -1.7976325665383932,
    "alpha31_rad_0_to_2pi": 4.485552740641193,
    "electron_row_gauge_phase_deg": 79.72751605060557,
    "electron_row_gauge_phase_rad": 1.3915076595196934
  },
  "generated_utc": "2026-04-14T10:36:25Z",
  "notes": [
    "This artifact does not use the old intrinsic/shared-basis PMNS surface; it transports the repaired weighted-cycle theorem lane itself into the closed same-label basis.",
    "Because the transport is a Majorana congruence by the already-closed U_e_left, the shared-basis matrix remains complex symmetric and is diagonalized by the transported U_nu_shared with the same positive masses.",
    "The physical PMNS matrix recovered from U_e_left^dagger * U_nu_shared matches the repaired weighted-cycle PMNS surface exactly, so Majorana readout can be promoted on this anchored branch."
  ],
  "physical_branch_closed": true,
  "pmns_matrix_imag": [
    [
      0.8042412098161023,
      -0.2213794827347574,
      0.14978396871756272
    ],
    [
      -0.31350036679223126,
      0.3592600183629337,
      0.7538755297968618
    ],
    [
      -0.12886571615680517,
      0.45971242842462084,
      -0.630595766022623
    ]
  ],
  "pmns_matrix_real": [
    [
      0.1457564441515798,
      0.5100329244750373,
      0.01932456241592159
    ],
    [
      0.2886616009610346,
      0.3471946575181609,
      -0.021255463343815444
    ],
    [
      0.3657003729461609,
      0.479489450065568,
      0.10373135846276055
    ]
  ],
  "pmns_observables": {
    "J": -0.027531156135653618,
    "delta_deg": 305.58061231449767,
    "delta_rad": 5.333387815148314,
    "theta12_deg": 34.22590463180999,
    "theta12_rad": 0.5973547252986618,
    "theta13_deg": 8.686355527700131,
    "theta13_rad": 0.15160550395717678,
    "theta23_deg": 49.72282845058262,
    "theta23_rad": 0.8678270698669773
  },
  "proof_chain_role": "active_theorem_lane",
  "public_surface_candidate_allowed": true,
  "shared_basis_matrix_imag": [
    [
      0.002755745602475409,
      0.009598971222034947,
      -0.011661281217960853
    ],
    [
      0.009598971222034947,
      0.011974544125796443,
      -0.0013777486801780734
    ],
    [
      -0.011661281217960853,
      -0.0013777486801780725,
      -0.007847964726890625
    ]
  ],
  "shared_basis_matrix_real": [
    [
      -0.01706740547946228,
      0.0025951942674305077,
      -0.002816900019437197
    ],
    [
      0.002595194267430507,
      0.006297345326004829,
      -0.007904953319718955
    ],
    [
      -0.0028169000194371973,
      -0.007904953319718955,
      -0.004528437082909261
    ]
  ],
  "source_artifacts": {
    "shared_charged_left_basis": "code/particles/runs/neutrino/shared_charged_lepton_left_basis.json",
    "weighted_cycle_branch": "code/particles/runs/neutrino/neutrino_weighted_cycle_repair.json"
  },
  "statement": "The repaired weighted-cycle Majorana matrix is transported exactly into the closed shared same-label basis, and the physical PMNS surface is recovered there as U_e_left^dagger * U_nu_shared. This closes the weighted-cycle theorem lane on the shared basis without identifying it with the separate intrinsic/shared-basis PMNS diagnostic surface.",
  "status": "theorem_grade_emitted",
  "theorem_object": "shared_basis_weighted_cycle_physical_pmns",
  "theorem_surface": "weighted_cycle_shared_basis_transport",
  "transport_checks": {
    "pmns_recovery_max_abs": 4.494775313252277e-16,
    "shared_basis_diagonalized_imag_max_abs": 9.974659986866641e-18,
    "shared_basis_diagonalized_offdiag_max_abs": 4.5561138054344816e-17,
    "shared_basis_diagonalized_real_masses": [
      0.010126301485273364,
      0.011302414501969317,
      0.03079142408841056
    ],
    "shared_basis_symmetry_max_abs": 8.673617379884035e-19
  },
  "u_nu_shared_imag": [
    [
      -0.570931544777397,
      0.06983053829791235,
      0.712854307838556
    ],
    [
      0.6142811869223054,
      -0.004373763537022346,
      0.18874464522976953
    ],
    [
      0.179867330738245,
      -0.8616442584170187,
      0.1906602294890783
    ]
  ],
  "u_nu_shared_real": [
    [
      -0.12861835430405005,
      -0.37083042415706374,
      -0.08331697516557857
    ],
    [
      -0.49774646752500384,
      -0.29876900246110344,
      -0.5000004897174711
    ],
    [
      -0.0070221725281443825,
      -0.16092115379408906,
      0.40363431905106895
    ]
  ],
  "weighted_cycle_observables_match": {
    "J_abs_delta": 1.0061396160665481e-16,
    "delta_deg_abs_delta": 2.8421709430404007e-13,
    "theta12_deg_abs_delta": 3.552713678800501e-14,
    "theta13_deg_abs_delta": 2.4868995751603507e-14,
    "theta23_deg_abs_delta": 4.263256414560601e-14
  },
  "weighted_cycle_takagi_congruence": {
    "congruence_half_angles_deg": [
      -79.72751605060562,
      23.46322505967657,
      -82.64852414714792
    ],
    "congruence_half_angles_rad": [
      -1.391507659519694,
      0.40951053042779917,
      -1.4424888682817696
    ],
    "diagonalized_imag_max_abs": 8.673617379884035e-18,
    "diagonalized_offdiag_max_abs": 4.437129678412874e-17,
    "diagonalized_real_masses": [
      0.01012630148527337,
      0.011302414501969324,
      0.030791424088410596
    ],
    "phase_relation_offdiag_max_abs": 4.1111994833554825e-15,
    "singular_values": [
      0.010126301485273374,
      0.011302414501969326,
      0.03079142408841062
    ]
  }
}
